Workbook

Sheet tasks_tb2.1
A1: repo name | B1: url | C1: team member | D1: PR BASE/ base commit (optional) | E1: Category | F1: Subcategory | G1: Status | H1: Model | I1: Pass @1 | J1: Pass @3 | K1: Pass @ 5 | L1: Link .zip delivery | M1: Notes

Sheet candidate_repos
A1: tier | B1: repo | C1: url | D1: created | E1: stars | F1: lang | G1: minable | H1: mrg90 | I1: iss90 | J1: tests | K1: src | L1: lic | M1: test run fw | N1: note
A2: S | B2: github/gh-aw | C2: https://github.com/github/gh-aw | D2: 45881 | E2: 5103 | F2: Go | G2: 1071 | H2: 4645 | I2: 11622 | J2: 1769 | K2: 1242 | L2: MIT | M2: go test | N2: go test ./... -short; -json + gotestsum -> junit
A3: S | B3: NousResearch/hermes-agent | C3: https://github.com/NousResearch/hermes-agent | D3: 45860 | E3: 241251 | F3: Python | G3: 2198 | H3: 7150 | I3: 9265 | J3: 3823 | K3: 1725 | L3: MIT | M3: pytest | N3: pyproject testpaths; also a JS side -- scope to python lane
A4: S | B4: kirodotdev/KiroCrew | C4: https://github.com/kirodotdev/KiroCrew | D4: 46219 | E4: 3632 | F4: Python | G4: 1383 | H4: 4611 | I4: 2014 | J4: 2138 | K4: 1207 | L4: Apache-2.0 | M4: pytest | N4: Makefile venv pytest + conftest.py at root; npm/vite side exists
A5: S | B5: floci-io/floci | C5: https://github.com/floci-io/floci | D5: 46071 | E5: 23145 | F5: Java | G5: 492 | H5: 1000 | I5: 564 | J5: 1362 | K5: 1714 | L5: MIT | M5: junit/surefire | N5: mvn -B test emits surefire XML natively -> existing junit_xml parser
A6: S | B6: can1357/oh-my-pi | C6: https://github.com/can1357/oh-my-pi | D6: 46022 | E6: 29428 | F6: TypeScript | G6: 1638 | H6: 2619 | I6: 2777 | J6: 2481 | K6: 2220 | L6: MIT | M6: bun | N6: test = bun scripts/ci-test-ts.ts local -- custom runner, needs a parser
A7: S | B7: omnigent-ai/omnigent | C7: https://github.com/omnigent-ai/omnigent | D7: 46184 | E7: 9683 | F7: Python | G7: 1057 | H7: 3306 | I7: 896 | J7: 1708 | K7: 883 | L7: Apache-2.0 | M7: pytest | N7: asyncio auto mode; uv.lock present
A8: A | B8: esengine/DeepSeek-Reasonix | C8: https://github.com/esengine/DeepSeek-Reasonix | D8: 46133 | E8: 46133 | F8: Go | G8: 736 | H8: 1971 | I8: 2066 | J8: 1610 | K8: 1633 | L8: MIT | M8: go test | N8: make test = go test ./...; separate desktop/ module
A9: A | B9: lerd-env/lerd | C9: https://github.com/lerd-env/lerd | D9: 46098 | E9: 1253 | F9: Go | G9: 537 | H9: 613 | I9: 560 | J9: 870 | K9: 655 | L9: MIT | M9: go test | N9: make test = go test ./... -- cleanest small Go lane
A10: A | B10: docker/docker-agent | C10: https://github.com/docker/docker-agent | D10: 45901 | E10: 3306 | F10: Go | G10: 296 | H10: 839 | I10: 246 | J10: 932 | K10: 989 | L10: Apache-2.0 | M10: go test | N10: Taskfile; some tests gated on live network env vars -- exclude
A11: A | B11: stacklok/toolhive | C11: https://github.com/stacklok/toolhive | D11: 45728 | E11: 2070 | F11: Go | G11: 230 | H11: 561 | I11: 293 | J11: 1093 | K11: 1016 | L11: Apache-2.0 | M11: go test | N11: go test -json already; excludes /test/e2e by design
A12: A | B12: microsoft/apm | C12: https://github.com/microsoft/apm | D12: 45918 | E12: 3724 | F12: Python | G12: 515 | H12: 440 | I12: 463 | J12: 1268 | K12: 566 | L12: MIT | M12: pytest | N12: addopts -m 'not benchmark and not live' -- offline-clean out of the box
A13: A | B13: Tracer-Cloud/opensre | C13: https://github.com/Tracer-Cloud/opensre | D13: 46035 | E13: 11000 | F13: Python | G13: 402 | H13: 1373 | I13: 1239 | J13: 1264 | K13: 1780 | L13: Apache-2.0 | M13: pytest | N13: pytest.ini testpaths=tests gateway/tests, norecursedirs tests/e2e
... A22: A | B22: TableProApp/TablePro | C22: https://github.com/TableProApp/TablePro | D22: 46008 | E22: 5780 | F22: Swift | G22: 392 | H22: 681 | I22: 289 | J22: 1529 | K22: 2936 | L22: AGPL-3.0 | M22: swift test | N22: macOS toolchain in image; hardest environment on the list
A23: B | B23: vllm-project/semantic-router | C23: https://github.com/vllm-project/semantic-router | D23: 45895 | E23: 5554 | F23: Go | G23: 271 | H23: 469 | I23: 498 | J23: 991 | K23: 1537 | L23: Apache-2.0 | M23: unknown
A24: B | B24: Wei-Shaw/sub2api | C24: https://github.com/Wei-Shaw/sub2api | D24: 46009 | E24: 40436 | F24: Go | G24: 374 | H24: 910 | I24: 690 | J24: 1239 | K24: 1297 | L24: LGPL-3.0 | M24: unknown
A25: B | B25: multica-ai/multica | C25: https://github.com/multica-ai/multica | D25: 46035 | E25: 48847 | F25: Go | G25: 388 | H25: 1689 | I25: 971 | J25: 919 | K25: 701 | L25: NOASSERTION | M25: unknown
A26: B | B26: agentscope-ai/agentscope-java | C26: https://github.com/agentscope-ai/agentscope-java | D26: 45923 | E26: 5438 | F26: Java | G26: 124 | H26: 267 | I26: 264 | J26: 785 | K26: 1696 | L26: ? | M26: unknown
A27: B | B27: github/copilot-sdk | C27: https://github.com/github/copilot-sdk | D27: 46036 | E27: 10457 | F27: Java | G27: 96 | H27: 373 | I27: 243 | J27: 153 | K27: 1687 | L27: MIT | M27: unknown
A28: B | B28: iflytek/skillhub | C28: https://github.com/iflytek/skillhub | D28: 46092 | E28: 4973 | F28: Java | G28: 67 | H28: 151 | I28: 101 | J28: 234 | K28: 679 | L28: Apache-2.0 | M28: unknown
A29: B | B29: embabel/embabel-agent | C29: https://github.com/embabel/embabel-agent | D29: 45757 | E29: 4417 | F29: Kotlin | G29: 79 | H29: 145 | I29: 102 | J29: 708 | K29: 790 | L29: Apache-2.0 | M29: unknown
A30: B | B30: NuvioMedia/NuvioTV | C30: https://github.com/NuvioMedia/NuvioTV | D30: 46054 | E30: 2531 | F30: Kotlin | G30: 101 | H30: 424 | I30: 596 | J30: 198 | K30: 739 | L30: GPL-3.0 | M30: unknown
A31: B | B31: modelcontextprotocol/csharp-sdk | C31: https://github.com/modelcontextprotocol/csharp-sdk | D31: 45726 | E31: 4519 | F31: C# | G31: 41 | H31: 105 | I31: 90 | J31: 280 | K31: 413 | L31: NOASSERTION | M31: unknown
A32: B | B32: openclaw/openclaw-windows-node | C32: https://github.com/openclaw/openclaw-windows-node | D32: 46051 | E32: 2087 | F32: C# | G32: 122 | H32: 352 | I32: 168 | J32: 447 | K32: 628 | L32: MIT | M32: unknown
A33: B | B33: we-promise/sure | C33: https://github.com/we-promise/sure | D33: 45861 | E33: 9706 | F33: Ruby | G33: 126 | H33: 524 | I33: 186 | J33: 831 | K33: 1585 | L33: AGPL-3.0 | M33: unknown
A34: B | B34: David-Crty/databasement | C34: https://github.com/David-Crty/databasement | D34: 45975 | E34: 2318 | F34: PHP | G34: 43 | H34: 105 | I34: 51 | J34: 152 | K34: 494 | L34: MIT | M34: unknown
... A41: B | B41: agentgateway/agentgateway | C41: https://github.com/agentgateway/agentgateway | D41: 45734 | E41: 4717 | F41: Rust | G41: 125 | H41: 677 | I41: 364 | J41: 35 | K41: 395 | L41: Apache-2.0 | M41: unknown

Sheet taxonomy
A1: Software | B1: Science | C1: Operations | D1: ML | E1: Security | F1: Hardware | G1: Media | I1: helper: lista valida por fila de tasks (no editar)
A2: Systems | B2: Chemistry | C2: Claims | D2: Inference | E2: Cryptography | F2: CAD | G2: Design | J2: =IFERROR(TRANSPOSE(INDEX($A$2:$G$8,0,MATCH(tasks_tb4!F2,$A$1:$G$1,0))),"")
A3: Frontend | B3: Biology | C3: Logistics | D3: Evaluation | E3: Forensics | F3: RTL | G3: Music | J3: =IFERROR(TRANSPOSE(INDEX($A$2:$G$8,0,MATCH(tasks_tb4!F3,$A$1:$G$1,0))),"")
A4: Algorithms | B4: Math | C4: Compliance | D4: Training | E4: AppSec | J4: =IFERROR(TRANSPOSE(INDEX($A$2:$G$8,0,MATCH(tasks_tb4!F4,$A$1:$G$1,0))),"")
A5: Data engineering | B5: Physics | C5: Finance | D5: Kernels | J5: =IFERROR(TRANSPOSE(INDEX($A$2:$G$8,0,MATCH(tasks_tb4!F5,$A$1:$G$1,0))),"")
A6: Databases | B6: Earth | C6: Marketing | J6: =IFERROR(TRANSPOSE(INDEX($A$2:$G$8,0,MATCH(tasks_tb4!F6,$A$1:$G$1,0))),"")
B7: Linguistics | C7: Supply chain | J7: =IFERROR(TRANSPOSE(INDEX($A$2:$G$8,0,MATCH(tasks_tb4!F8,$A$1:$G$1,0))),"")
B8: Robotics | J8: =IFERROR(TRANSPOSE(INDEX($A$2:$G$8,0,MATCH(tasks_tb4!F9,$A$1:$G$1,0))),"")
J9: =IFERROR(TRANSPOSE(INDEX($A$2:$G$8,0,MATCH(tasks_tb4!F10,$A$1:$G$1,0))),"")
J10: =IFERROR(TRANSPOSE(INDEX($A$2:$G$8,0,MATCH(tasks_tb4!F11,$A$1:$G$1,0))),"")
J11: =IFERROR(TRANSPOSE(INDEX($A$2:$G$8,0,MATCH(tasks_tb4!F12,$A$1:$G$1,0))),"")
J12: =IFERROR(TRANSPOSE(INDEX($A$2:$G$8,0,MATCH(tasks_tb4!F14,$A$1:$G$1,0))),"")
J13: =IFERROR(TRANSPOSE(INDEX($A$2:$G$8,0,MATCH(tasks_tb4!F15,$A$1:$G$1,0))),"")
J14: =IFERROR(TRANSPOSE(INDEX($A$2:$G$8,0,MATCH(tasks_tb4!F16,$A$1:$G$1,0))),"")
J15: =IFERROR(TRANSPOSE(INDEX($A$2:$G$8,0,MATCH(tasks_tb4!F17,$A$1:$G$1,0))),"")
J16: =IFERROR(TRANSPOSE(INDEX($A$2:$G$8,0,MATCH(tasks_tb4!F18,$A$1:$G$1,0))),"")
J17: =IFERROR(TRANSPOSE(INDEX($A$2:$G$8,0,MATCH(tasks_tb4!F19,$A$1:$G$1,0))),"")
J18: =IFERROR(TRANSPOSE(INDEX($A$2:$G$8,0,MATCH(tasks_tb4!F20,$A$1:$G$1,0))),"")
J19: =IFERROR(TRANSPOSE(INDEX($A$2:$G$8,0,MATCH(tasks_tb4!F21,$A$1:$G$1,0))),"")
J20: =IFERROR(TRANSPOSE(INDEX($A$2:$G$8,0,MATCH(tasks_tb4!F22,$A$1:$G$1,0))),"")
J21: =IFERROR(TRANSPOSE(INDEX($A$2:$G$8,0,MATCH(tasks_tb4!F23,$A$1:$G$1,0))),"")
J22: =IFERROR(TRANSPOSE(INDEX($A$2:$G$8,0,MATCH(tasks_tb4!F24,$A$1:$G$1,0))),"")
J23: =IFERROR(TRANSPOSE(INDEX($A$2:$G$8,0,MATCH(tasks_tb4!F25,$A$1:$G$1,0))),"")
... J40: =IFERROR(TRANSPOSE(INDEX($A$2:$G$8,0,MATCH(tasks_tb4!F42,$A$1:$G$1,0))),"")
J41: =IFERROR(TRANSPOSE(INDEX($A$2:$G$8,0,MATCH(tasks_tb4!F46,$A$1:$G$1,0))),"")
J42: =IFERROR(TRANSPOSE(INDEX($A$2:$G$8,0,MATCH(tasks_tb4!F47,$A$1:$G$1,0))),"")
J43: =IFERROR(TRANSPOSE(INDEX($A$2:$G$8,0,MATCH(tasks_tb4!F48,$A$1:$G$1,0))),"")
J44: =IFERROR(TRANSPOSE(INDEX($A$2:$G$8,0,MATCH(tasks_tb4!F49,$A$1:$G$1,0))),"")
J45: =IFERROR(TRANSPOSE(INDEX($A$2:$G$8,0,MATCH(tasks_tb4!F50,$A$1:$G$1,0))),"")
J46: =IFERROR(TRANSPOSE(INDEX($A$2:$G$8,0,MATCH(tasks_tb4!F51,$A$1:$G$1,0))),"")
J47: =IFERROR(TRANSPOSE(INDEX($A$2:$G$8,0,MATCH(tasks_tb4!F52,$A$1:$G$1,0))),"")
J48: =IFERROR(TRANSPOSE(INDEX($A$2:$G$8,0,MATCH(tasks_tb4!F53,$A$1:$G$1,0))),"")
J49: =IFERROR(TRANSPOSE(INDEX($A$2:$G$8,0,MATCH(tasks_tb4!F54,$A$1:$G$1,0))),"")
J50: =IFERROR(TRANSPOSE(INDEX($A$2:$G$8,0,MATCH(tasks_tb4!F55,$A$1:$G$1,0))),"")
J51: =IFERROR(TRANSPOSE(INDEX($A$2:$G$8,0,MATCH(tasks_tb4!F56,$A$1:$G$1,0))),"")
J52: =IFERROR(TRANSPOSE(INDEX($A$2:$G$8,0,MATCH(tasks_tb4!F57,$A$1:$G$1,0))),"")
... J200: =IFERROR(TRANSPOSE(INDEX($A$2:$G$8,0,MATCH(tasks_tb4!F205,$A$1:$G$1,0))),"")
